ID,Ciudad,Servicio,Año,Nivel_Satisfacción,Cantidad_Usuarios,Usuarios_Satisfechos
1,Cali,Salud,2021,5,30257,30257
2,Cartagena,Transporte,2022,5,10278,10278
3,Cali,Transporte,2022,1,1373,411
4,Medellín,Transporte,2021,3,6872,2061
5,Barranquilla,Salud,2022,1,43023,12906
6,Cali,Educación,2023,1,33571,10071
7,Barranquilla,Salud,2020,4,8149,8149
8,Medellín,Transporte,2021,2,26598,7979
9,Medellín,Educación,2020,2,28894,8668
10,Bogotá,Seguridad,2023,4,35072,35072
11,Medellín,Salud,2021,1,28351,8505
12,Medellín,Salud,2020,4,23621,23621
13,Bogotá,Transporte,2022,2,37739,11321
14,Bogotá,Educación,2023,4,48104,48104
15,Medellín,Ambiente,2021,3,14468,4340
16,Barranquilla,Ambiente,2023,4,46517,46517
17,Cartagena,Educación,2022,1,34781,10434
18,Bogotá,Ambiente,2022,1,8850,2655
19,Bogotá,Seguridad,2021,1,23127,6938
20,Cartagena,Seguridad,2021,1,27804,8341
21,Medellín,Salud,2023,5,8319,8319
22,Barranquilla,Ambiente,2021,3,28466,8539
23,Cali,Transporte,2020,4,41976,41976
24,Cartagena,Salud,2023,4,23429,23429
25,Cali,Educación,2020,3,26296,7888
26,Cartagena,Seguridad,2023,4,21720,21720
27,Bogotá,Transporte,2021,2,32879,9863
28,Bogotá,Transporte,2022,4,8150,8150
29,Medellín,Educación,2022,2,12822,3846
30,Barranquilla,Salud,2023,3,42592,12777
31,Cartagena,Salud,2020,5,11868,11868
32,Cartagena,Salud,2022,2,11982,3594
33,Cartagena,Educación,2023,4,23507,23507
34,Medellín,Educación,2023,4,36236,36236
35,Barranquilla,Ambiente,2022,2,44871,13461
36,Cali,Salud,2022,4,9992,9992
37,Medellín,Salud,2020,5,10292,10292
38,Cartagena,Salud,2021,5,27357,27357
39,Bogotá,Seguridad,2020,3,3495,1048
40,Barranquilla,Seguridad,2023,1,46342,13902
41,Cali,Salud,2023,5,25518,25518
42,Bogotá,Salud,2021,2,44410,13323
43,Barranquilla,Salud,2020,4,30499,30499
44,Cali,Transporte,2020,1,3110,933
45,Cali,Transporte,2020,2,13135,3940
46,Cali,Salud,2022,1,17162,5148
47,Cali,Educación,2023,1,21947,6584
48,Cartagena,Salud,2020,1,21801,6540
49,Barranquilla,Ambiente,2022,5,2534,2534
50,Barranquilla,Transporte,2022,4,14681,14681
51,Cartagena,Seguridad,2020,1,42364,12709
52,Cartagena,Seguridad,2023,1,44483,13344
53,Barranquilla,Educación,2021,3,43964,13189
54,Cali,Salud,2021,4,2752,2752
55,Bogotá,Salud,2020,5,26644,26644
56,Cartagena,Ambiente,2023,4,26086,26086
57,Barranquilla,Seguridad,2021,5,48978,48978
58,Medellín,Transporte,2023,1,45743,13722
59,Barranquilla,Transporte,2021,4,20337,20337
60,Cali,Transporte,2022,5,17856,17856
61,Medellín,Ambiente,2023,4,13138,13138
62,Cali,Ambiente,2021,2,40339,12101
63,Cartagena,Salud,2020,4,1280,1280
64,Bogotá,Ambiente,2023,3,15359,4607
65,Medellín,Transporte,2023,3,37929,11378
66,Cartagena,Salud,2023,5,14025,14025
67,Cali,Ambiente,2021,3,38892,11667
68,Medellín,Educación,2022,5,25886,25886
69,Medellín,Transporte,2022,1,48424,14527
70,Barranquilla,Educación,2021,5,32028,32028
71,Cartagena,Seguridad,2022,4,28470,28470
72,Medellín,Educación,2022,4,47604,47604
73,Bogotá,Transporte,2020,2,16638,4991
74,Bogotá,Ambiente,2022,1,28204,8461
75,Barranquilla,Transporte,2021,3,12689,3806
76,Medellín,Salud,2021,3,39083,11724
77,Barranquilla,Salud,2021,1,30058,9017
78,Barranquilla,Seguridad,2020,4,44609,44609
79,Barranquilla,Seguridad,2023,5,3951,3951
80,Medellín,Transporte,2022,2,17644,5293
81,Medellín,Educación,2021,4,2566,2566
82,Cali,Educación,2020,4,18070,18070
83,Barranquilla,Educación,2022,5,2506,2506
84,Barranquilla,Educación,2023,1,14539,4361
85,Barranquilla,Ambiente,2020,5,17759,17759
86,Barranquilla,Seguridad,2021,4,47453,47453
87,Bogotá,Educación,2021,4,12307,12307
88,Medellín,Salud,2023,4,41227,41227
89,Barranquilla,Salud,2022,5,32940,32940
90,Medellín,Transporte,2020,4,2098,2098
91,Cartagena,Transporte,2020,4,10878,10878
92,Barranquilla,Seguridad,2022,2,15191,4557
93,Medellín,Salud,2021,2,24990,7497
94,Cali,Educación,2022,4,9736,9736
95,Barranquilla,Ambiente,2022,2,34437,10331
96,Cartagena,Transporte,2022,2,26200,7860
97,Barranquilla,Ambiente,2021,1,49123,14736
98,Medellín,Transporte,2021,1,5592,1677
99,Bogotá,Ambiente,2020,3,30860,9258
100,Bogotá,Ambiente,2022,1,4306,1291
101,Barranquilla,Transporte,2022,5,41444,41444
102,Bogotá,Transporte,2021,2,43313,12993
103,Medellín,Seguridad,2021,3,23564,7069
104,Medellín,Educación,2022,2,41353,12405
105,Bogotá,Educación,2023,3,23717,7115
106,Barranquilla,Ambiente,2021,4,24064,24064
107,Medellín,Seguridad,2023,1,21629,6488
108,Barranquilla,Transporte,2022,3,37021,11106
109,Cartagena,Transporte,2022,2,19374,5812
110,Cartagena,Ambiente,2023,3,25372,7611
111,Medellín,Seguridad,2023,2,47258,14177
112,Cartagena,Ambiente,2022,5,47153,47153
113,Cartagena,Educación,2023,5,4714,4714
114,Barranquilla,Transporte,2022,2,3128,938
115,Cartagena,Seguridad,2023,5,2955,2955
116,Barranquilla,Transporte,2022,3,42289,12686
117,Bogotá,Ambiente,2021,3,32765,9829
118,Cartagena,Seguridad,2022,5,7019,7019
119,Cartagena,Educación,2022,1,19600,5880
120,Cartagena,Seguridad,2021,1,48108,14432
121,Cartagena,Ambiente,2022,3,33790,10137
122,Bogotá,Transporte,2021,2,2729,818
123,Bogotá,Ambiente,2021,1,30567,9170
124,Medellín,Seguridad,2023,3,8501,2550
125,Bogotá,Seguridad,2022,5,33245,33245
126,Bogotá,Ambiente,2021,5,10281,10281
127,Cartagena,Educación,2020,2,7582,2274
128,Cali,Educación,2022,4,40719,40719
129,Cali,Salud,2022,3,19204,5761
130,Bogotá,Salud,2020,5,8119,8119
131,Medellín,Transporte,2021,4,9091,9091
132,Bogotá,Transporte,2022,3,7274,2182
133,Cali,Transporte,2020,2,35274,10582
134,Cartagena,Transporte,2022,1,15120,4536
135,Cartagena,Salud,2023,4,18364,18364
136,Medellín,Educación,2022,4,16380,16380
137,Cali,Transporte,2021,4,24278,24278
138,Barranquilla,Salud,2021,1,43680,13104
139,Medellín,Educación,2022,1,33820,10146
140,Cartagena,Educación,2020,1,14868,4460
141,Barranquilla,Educación,2020,5,40768,40768
142,Medellín,Salud,2020,2,28719,8615
143,Medellín,Salud,2021,5,43976,43976
144,Bogotá,Ambiente,2022,1,40865,12259
145,Medellín,Ambiente,2023,3,21313,6393
146,Barranquilla,Salud,2023,2,48876,14662
147,Medellín,Transporte,2023,5,30606,30606
148,Bogotá,Educación,2021,4,13084,13084
149,Medellín,Ambiente,2023,2,41066,12319
150,Cali,Ambiente,2023,2,15256,4576
151,Cali,Educación,2020,2,6371,1911
152,Cali,Ambiente,2020,5,46142,46142
153,Medellín,Seguridad,2023,4,40595,40595
154,Barranquilla,Seguridad,2020,4,19154,19154
155,Cali,Ambiente,2022,5,24336,24336
156,Barranquilla,Transporte,2022,2,16517,4955
157,Medellín,Seguridad,2020,4,6705,6705
158,Medellín,Transporte,2020,5,19628,19628
159,Barranquilla,Salud,2022,4,18416,18416
160,Barranquilla,Educación,2021,2,20620,6186
161,Cali,Ambiente,2023,5,37457,37457
162,Cartagena,Seguridad,2020,5,1060,1060
163,Bogotá,Transporte,2021,5,34955,34955
164,Barranquilla,Ambiente,2023,3,46592,13977
165,Cali,Salud,2020,4,41876,41876
166,Barranquilla,Salud,2020,4,45403,45403
167,Cali,Seguridad,2021,1,13907,4172
168,Cali,Ambiente,2023,4,41219,41219
169,Barranquilla,Ambiente,2020,5,37072,37072
170,Medellín,Ambiente,2023,5,13965,13965
171,Barranquilla,Salud,2023,5,24916,24916
172,Medellín,Salud,2023,5,10719,10719
173,Barranquilla,Educación,2021,1,48573,14571
174,Barranquilla,Salud,2023,4,8215,8215
175,Barranquilla,Salud,2022,4,36225,36225
176,Barranquilla,Educación,2020,3,25493,7647
177,Bogotá,Ambiente,2023,4,31087,31087
178,Bogotá,Salud,2020,3,5186,1555
179,Cartagena,Educación,2022,2,33864,10159
180,Cartagena,Ambiente,2022,5,10093,10093
181,Bogotá,Transporte,2022,4,11470,11470
182,Bogotá,Educación,2022,3,47482,14244
183,Cartagena,Educación,2020,4,44956,44956
184,Medellín,Ambiente,2023,4,33013,33013
185,Cali,Seguridad,2021,2,22132,6639
186,Medellín,Transporte,2023,4,4384,4384
187,Cartagena,Salud,2023,2,47916,14374
188,Medellín,Seguridad,2020,2,7597,2279
189,Barranquilla,Ambiente,2023,5,5246,5246
190,Cartagena,Ambiente,2022,2,13310,3993
191,Cali,Ambiente,2020,3,14728,4418
192,Cali,Seguridad,2021,3,17634,5290
193,Cartagena,Ambiente,2020,2,20643,6192
194,Barranquilla,Transporte,2020,1,8053,2415
195,Bogotá,Seguridad,2021,2,46024,13807
196,Barranquilla,Transporte,2020,1,28695,8608
197,Barranquilla,Transporte,2022,4,6951,6951
198,Cali,Ambiente,2023,1,15644,4693
199,Medellín,Transporte,2020,3,16659,4997
200,Medellín,Seguridad,2021,3,14356,4306
201,Medellín,Ambiente,2023,2,18380,5514
202,Cali,Salud,2022,1,34638,10391
203,Cali,Educación,2023,2,39287,11786
204,Cali,Salud,2022,2,33830,10149
205,Bogotá,Seguridad,2022,2,13146,3943
206,Bogotá,Ambiente,2022,2,11849,3554
207,Medellín,Seguridad,2020,3,49261,14778
208,Barranquilla,Ambiente,2022,4,32487,32487
209,Barranquilla,Educación,2023,3,17115,5134
210,Barranquilla,Transporte,2020,3,22016,6604
211,Medellín,Transporte,2021,3,10404,3121
212,Barranquilla,Transporte,2020,5,18369,18369
213,Medellín,Educación,2022,2,41491,12447
214,Cali,Seguridad,2021,2,9292,2787
215,Cartagena,Salud,2022,5,48751,48751
216,Medellín,Salud,2021,4,4749,4749
217,Bogotá,Salud,2020,3,43197,12959
218,Medellín,Educación,2023,1,47904,14371
219,Cartagena,Seguridad,2020,2,19367,5810
220,Cali,Seguridad,2023,1,18954,5686
221,Bogotá,Seguridad,2022,3,33843,10152
222,Medellín,Salud,2022,1,1164,349
223,Cali,Salud,2020,2,2781,834
224,Cartagena,Salud,2022,3,22911,6873
225,Cartagena,Salud,2023,2,3068,920
226,Cartagena,Educación,2022,3,37459,11237
227,Barranquilla,Salud,2023,3,14894,4468
228,Barranquilla,Seguridad,2021,4,46415,46415
229,Medellín,Seguridad,2022,3,30895,9268
230,Cartagena,Seguridad,2023,4,6377,6377
231,Bogotá,Ambiente,2020,3,41275,12382
232,Cartagena,Seguridad,2022,2,31805,9541
233,Bogotá,Educación,2023,5,17478,17478
234,Bogotá,Educación,2021,3,49322,14796
235,Bogotá,Salud,2021,4,33010,33010
236,Medellín,Seguridad,2022,2,29522,8856
237,Bogotá,Seguridad,2023,3,21154,6346
238,Cartagena,Seguridad,2021,5,2444,2444
239,Barranquilla,Educación,2020,3,46328,13898
240,Cali,Educación,2020,5,34900,34900
241,Cartagena,Seguridad,2023,2,30340,9102
242,Bogotá,Salud,2020,3,31299,9389
243,Medellín,Salud,2021,5,20211,20211
244,Cali,Educación,2023,1,28856,8656
245,Cali,Ambiente,2021,3,24817,7445
246,Cali,Seguridad,2022,3,6655,1996
247,Cali,Educación,2022,5,6138,6138
248,Barranquilla,Seguridad,2022,5,39765,39765
249,Cali,Educación,2023,2,23181,6954
250,Medellín,Educación,2023,5,20776,20776
251,Bogotá,Transporte,2023,1,14973,4491
252,Cartagena,Ambiente,2022,1,11064,3319
253,Medellín,Educación,2022,2,13964,4189
254,Medellín,Transporte,2022,2,3916,1174
255,Cali,Educación,2023,5,7321,7321
256,Bogotá,Transporte,2021,2,29724,8917
257,Barranquilla,Transporte,2023,1,9819,2945
258,Medellín,Ambiente,2023,5,39051,39051
259,Barranquilla,Seguridad,2023,4,4942,4942
260,Barranquilla,Seguridad,2021,1,16951,5085
261,Barranquilla,Transporte,2023,3,19294,5788
262,Medellín,Educación,2023,1,34162,10248
263,Medellín,Ambiente,2022,2,21539,6461
264,Medellín,Ambiente,2022,5,1017,1017
265,Barranquilla,Ambiente,2020,1,15225,4567
266,Medellín,Educación,2022,3,41499,12449
267,Medellín,Seguridad,2020,2,17066,5119
268,Cali,Ambiente,2021,3,16310,4893
269,Medellín,Seguridad,2022,2,38755,11626
270,Bogotá,Seguridad,2023,3,33740,10122
271,Bogotá,Educación,2023,3,41879,12563
272,Cartagena,Salud,2022,4,43779,43779
273,Cali,Seguridad,2022,1,12893,3867
274,Barranquilla,Ambiente,2023,3,14347,4304
275,Bogotá,Educación,2022,1,23715,7114
276,Cartagena,Educación,2022,5,9467,9467
277,Cali,Educación,2022,3,30097,9029
278,Cali,Ambiente,2020,3,17402,5220
279,Medellín,Transporte,2021,5,2771,2771
280,Bogotá,Educación,2022,1,47856,14356
281,Bogotá,Seguridad,2022,1,8451,2535
282,Cali,Educación,2021,1,43289,12986
283,Cartagena,Transporte,2021,3,34099,10229
284,Medellín,Seguridad,2023,2,17634,5290
285,Medellín,Seguridad,2021,4,45945,45945
286,Barranquilla,Seguridad,2023,4,18844,18844
287,Cali,Educación,2021,4,13781,13781
288,Cartagena,Educación,2022,3,8529,2558
289,Cali,Seguridad,2021,5,46422,46422
290,Medellín,Transporte,2021,3,31701,9510
291,Bogotá,Salud,2022,4,41664,41664
292,Barranquilla,Seguridad,2022,3,39607,11882
293,Medellín,Transporte,2023,1,28550,8565
294,Barranquilla,Transporte,2020,5,36836,36836
295,Bogotá,Transporte,2021,5,45916,45916
296,Bogotá,Seguridad,2020,2,31343,9402
297,Medellín,Seguridad,2020,1,34250,10275
298,Cartagena,Salud,2023,4,47548,47548
299,Barranquilla,Transporte,2021,2,42776,12832
300,Cali,Educación,2020,3,7759,2327
301,Cali,Ambiente,2022,2,32173,9651
302,Bogotá,Ambiente,2021,4,20117,20117
303,Cali,Transporte,2022,4,49430,49430
304,Barranquilla,Ambiente,2022,5,49148,49148
305,Cali,Ambiente,2022,5,17296,17296
306,Bogotá,Seguridad,2021,1,39660,11898
307,Cali,Seguridad,2021,1,48654,14596
308,Medellín,Salud,2021,2,33288,9986
309,Bogotá,Transporte,2022,1,3195,958
310,Barranquilla,Ambiente,2020,5,19082,19082
311,Medellín,Seguridad,2020,1,15252,4575
312,Barranquilla,Ambiente,2023,1,25348,7604
313,Bogotá,Ambiente,2023,5,36117,36117
314,Cali,Educación,2020,1,21540,6462
315,Barranquilla,Transporte,2022,3,6699,2009
316,Barranquilla,Seguridad,2021,5,42651,42651
317,Cartagena,Seguridad,2022,3,18838,5651
318,Bogotá,Educación,2021,5,29718,29718
319,Bogotá,Seguridad,2022,3,36717,11015
320,Bogotá,Educación,2022,2,4580,1374
321,Barranquilla,Transporte,2023,5,5299,5299
322,Medellín,Salud,2020,1,11316,3394
323,Bogotá,Ambiente,2021,4,45502,45502
324,Cali,Salud,2020,3,43038,12911
325,Medellín,Educación,2022,5,29056,29056
326,Barranquilla,Ambiente,2022,3,44300,13290
327,Bogotá,Ambiente,2023,2,43628,13088
328,Cartagena,Transporte,2023,3,11202,3360
329,Bogotá,Ambiente,2022,2,8529,2558
330,Cartagena,Ambiente,2021,2,41691,12507
331,Medellín,Educación,2021,1,33727,10118
332,Barranquilla,Educación,2020,3,38168,11450
333,Medellín,Educación,2023,4,23042,23042
334,Bogotá,Ambiente,2020,5,9670,9670
335,Bogotá,Transporte,2020,2,25749,7724
336,Medellín,Educación,2022,1,16573,4971
337,Cartagena,Ambiente,2020,3,22031,6609
338,Medellín,Educación,2022,4,40186,40186
339,Cartagena,Transporte,2023,2,14890,4467
340,Barranquilla,Ambiente,2020,5,47733,47733
341,Cartagena,Educación,2020,3,22973,6891
342,Bogotá,Transporte,2022,3,1318,395
343,Bogotá,Educación,2023,3,2797,839
344,Cartagena,Salud,2023,1,37054,11116
345,Bogotá,Ambiente,2020,2,46285,13885
346,Barranquilla,Seguridad,2022,5,1825,1825
347,Medellín,Ambiente,2020,5,24881,24881
348,Cartagena,Salud,2020,4,2832,2832
349,Cali,Seguridad,2022,1,22010,6603
350,Bogotá,Seguridad,2023,1,13755,4126
351,Bogotá,Educación,2022,4,49040,49040
352,Medellín,Seguridad,2021,2,29653,8895
353,Medellín,Ambiente,2021,1,28512,8553
354,Cartagena,Transporte,2021,1,6038,1811
355,Cali,Salud,2022,4,16709,16709
356,Barranquilla,Educación,2020,3,30878,9263
357,Cali,Transporte,2023,3,13844,4153
358,Cali,Seguridad,2022,5,34888,34888
359,Cali,Educación,2023,4,43215,43215
360,Barranquilla,Educación,2022,3,22822,6846
361,Medellín,Salud,2021,3,7694,2308
362,Barranquilla,Salud,2023,3,30141,9042
363,Medellín,Educación,2020,1,9026,2707
364,Barranquilla,Educación,2023,5,26437,26437
365,Cali,Seguridad,2020,2,4864,1459
366,Barranquilla,Seguridad,2020,4,21926,21926
367,Medellín,Ambiente,2020,2,23921,7176
368,Medellín,Educación,2021,1,48774,14632
369,Bogotá,Seguridad,2023,3,2911,873
370,Bogotá,Salud,2020,5,35003,35003
371,Cali,Ambiente,2022,2,37994,11398
372,Barranquilla,Transporte,2023,2,1564,469
373,Cali,Ambiente,2023,1,15675,4702
374,Medellín,Salud,2022,3,23439,7031
375,Barranquilla,Educación,2021,2,43403,13020
376,Cali,Transporte,2023,2,34223,10266
377,Cali,Ambiente,2022,2,29634,8890
378,Medellín,Seguridad,2021,1,11463,3438
379,Medellín,Educación,2021,4,42575,42575
380,Cali,Educación,2022,3,14059,4217
381,Cartagena,Ambiente,2020,5,30265,30265
382,Cartagena,Transporte,2020,1,17734,5320
383,Cali,Transporte,2022,1,14608,4382
384,Barranquilla,Seguridad,2022,2,45402,13620
385,Cartagena,Salud,2020,3,41981,12594
386,Bogotá,Salud,2023,5,10916,10916
387,Cali,Seguridad,2020,3,29325,8797
388,Bogotá,Transporte,2020,1,31051,9315
389,Cali,Seguridad,2022,1,40798,12239
390,Cartagena,Ambiente,2023,3,28509,8552
391,Barranquilla,Educación,2020,1,32598,9779
392,Barranquilla,Ambiente,2021,4,2792,2792
393,Bogotá,Ambiente,2020,2,30728,9218
394,Bogotá,Transporte,2022,3,47409,14222
395,Cali,Educación,2020,1,37189,11156
396,Bogotá,Salud,2023,3,4391,1317
397,Bogotá,Transporte,2022,1,35757,10727
398,Cartagena,Transporte,2022,5,34484,34484
399,Barranquilla,Ambiente,2021,2,41106,12331
400,Cali,Educación,2021,3,12231,3669
401,Cartagena,Ambiente,2022,3,21504,6451
402,Barranquilla,Ambiente,2021,3,16214,4864
403,Barranquilla,Educación,2021,3,13097,3929
404,Medellín,Transporte,2021,5,12752,12752
405,Medellín,Salud,2023,1,36412,10923
406,Bogotá,Transporte,2022,3,48956,14686
407,Bogotá,Transporte,2021,4,37371,37371
408,Medellín,Transporte,2020,3,38560,11568
409,Cartagena,Educación,2023,4,19296,19296
410,Cali,Transporte,2020,4,6279,6279
411,Cartagena,Educación,2021,1,3059,917
412,Barranquilla,Educación,2020,3,21453,6435
413,Barranquilla,Salud,2023,2,2329,698
414,Cartagena,Ambiente,2022,1,26773,8031
415,Bogotá,Educación,2022,5,38295,38295
416,Barranquilla,Salud,2021,4,43714,43714
417,Cartagena,Ambiente,2022,3,33969,10190
418,Medellín,Educación,2021,4,44290,44290
419,Cali,Seguridad,2020,2,42841,12852
420,Cartagena,Ambiente,2023,5,35998,35998
421,Cali,Ambiente,2021,3,34826,10447
422,Bogotá,Transporte,2023,3,1670,501
423,Cartagena,Ambiente,2021,2,4900,1470
424,Bogotá,Seguridad,2022,4,46223,46223
425,Barranquilla,Salud,2020,3,33284,9985
426,Cali,Transporte,2023,1,39860,11958
427,Cali,Salud,2022,4,4737,4737
428,Barranquilla,Educación,2022,1,27421,8226
429,Cartagena,Ambiente,2020,5,41947,41947
430,Medellín,Salud,2022,5,44463,44463
431,Medellín,Transporte,2022,4,34027,34027
432,Cali,Salud,2020,4,17072,17072
433,Cartagena,Salud,2020,1,21226,6367
434,Cali,Salud,2023,1,48987,14696
435,Cali,Educación,2021,1,2584,775
436,Bogotá,Transporte,2022,1,12970,3891
437,Medellín,Educación,2022,5,28957,28957
438,Cartagena,Transporte,2023,2,44205,13261
439,Cali,Ambiente,2022,5,20175,20175
440,Cartagena,Seguridad,2022,3,27902,8370
441,Cartagena,Educación,2020,5,22106,22106
442,Cartagena,Educación,2022,5,19914,19914
443,Medellín,Seguridad,2022,5,2334,2334
444,Barranquilla,Seguridad,2021,5,24627,24627
445,Medellín,Transporte,2020,4,8518,8518
446,Cartagena,Transporte,2020,5,27147,27147
447,Medellín,Salud,2021,3,10996,3298
448,Bogotá,Salud,2022,4,39540,39540
449,Medellín,Ambiente,2022,4,46682,46682
450,Cartagena,Seguridad,2021,4,41876,41876
451,Medellín,Seguridad,2021,3,24317,7295
452,Bogotá,Ambiente,2022,4,32471,32471
453,Bogotá,Transporte,2023,5,16464,16464
454,Medellín,Salud,2022,2,39089,11726
455,Cartagena,Salud,2022,3,18725,5617
456,Cartagena,Transporte,2023,5,11097,11097
457,Cali,Seguridad,2020,1,3005,901
458,Cartagena,Salud,2023,4,47161,47161
459,Barranquilla,Seguridad,2023,2,12387,3716
460,Cartagena,Ambiente,2023,1,46073,13821
461,Barranquilla,Salud,2021,1,28640,8592
462,Barranquilla,Ambiente,2022,1,41650,12495
463,Cali,Seguridad,2020,1,17700,5310
464,Cali,Seguridad,2020,1,33433,10029
465,Cartagena,Ambiente,2020,1,40107,12032
466,Cartagena,Seguridad,2023,1,7436,2230
467,Barranquilla,Educación,2022,4,6675,6675
468,Cali,Salud,2021,2,17730,5319
469,Cali,Seguridad,2021,1,19946,5983
470,Cartagena,Transporte,2022,1,30078,9023
471,Bogotá,Transporte,2021,4,45017,45017
472,Bogotá,Ambiente,2023,4,25180,25180
473,Bogotá,Transporte,2020,4,45609,45609
474,Cali,Seguridad,2022,1,5010,1503
475,Bogotá,Seguridad,2022,2,31914,9574
476,Bogotá,Ambiente,2020,4,12367,12367
477,Cartagena,Salud,2021,2,9504,2851
478,Cartagena,Salud,2022,4,42309,42309
479,Medellín,Salud,2022,3,5999,1799
480,Bogotá,Seguridad,2020,2,40378,12113
481,Barranquilla,Transporte,2020,1,10944,3283
482,Bogotá,Ambiente,2021,4,29743,29743
483,Bogotá,Educación,2021,3,8660,2598
484,Bogotá,Seguridad,2023,4,46987,46987
485,Bogotá,Seguridad,2021,5,41428,41428
486,Cartagena,Ambiente,2021,3,13606,4081
487,Cartagena,Transporte,2020,3,11652,3495
488,Bogotá,Educación,2023,3,23368,7010
489,Medellín,Transporte,2023,5,42177,42177
490,Medellín,Educación,2022,3,9299,2789
491,Bogotá,Transporte,2020,4,6946,6946
492,Barranquilla,Salud,2022,5,15613,15613
493,Cartagena,Salud,2021,4,10796,10796
494,Cali,Educación,2022,5,3978,3978
495,Barranquilla,Seguridad,2021,3,46696,14008
496,Cartagena,Salud,2021,5,45515,45515
497,Cali,Ambiente,2023,1,33688,10106
498,Medellín,Ambiente,2023,3,41596,12478
499,Medellín,Transporte,2020,3,36338,10901
500,Cartagena,Salud,2020,4,43049,43049
501,Cartagena,Seguridad,2022,1,46563,13968
502,Cali,Transporte,2022,2,46247,13874
503,Medellín,Ambiente,2021,3,46185,13855
504,Barranquilla,Transporte,2021,3,16843,5052
505,Medellín,Educación,2023,1,2014,604
506,Cali,Transporte,2022,2,15595,4678
507,Medellín,Transporte,2020,2,35126,10537
508,Barranquilla,Seguridad,2020,3,47682,14304
509,Medellín,Salud,2023,5,13663,13663
510,Barranquilla,Ambiente,2021,5,31813,31813
511,Bogotá,Transporte,2020,4,29906,29906
512,Barranquilla,Salud,2022,4,46127,46127
513,Barranquilla,Ambiente,2022,1,29278,8783
514,Cartagena,Seguridad,2021,5,29243,29243
515,Medellín,Transporte,2023,4,7193,7193
516,Medellín,Salud,2020,3,20883,6264
517,Cartagena,Transporte,2021,2,37126,11137
518,Medellín,Educación,2022,3,49468,14840
519,Bogotá,Salud,2020,2,3697,1109
520,Cali,Transporte,2021,4,3892,3892
521,Medellín,Educación,2023,1,10150,3045
522,Barranquilla,Transporte,2022,1,43431,13029
523,Bogotá,Transporte,2020,2,41845,12553
524,Barranquilla,Transporte,2023,4,49144,49144
525,Barranquilla,Ambiente,2020,2,13157,3947
526,Bogotá,Transporte,2020,3,37661,11298
527,Bogotá,Ambiente,2020,1,20452,6135
528,Medellín,Transporte,2020,4,34233,34233
529,Cali,Ambiente,2021,3,27400,8220
530,Barranquilla,Transporte,2023,2,21747,6524
531,Barranquilla,Educación,2023,1,6793,2037
532,Bogotá,Seguridad,2020,4,37552,37552
533,Cali,Seguridad,2022,3,18465,5539
534,Barranquilla,Salud,2021,2,19526,5857
535,Bogotá,Transporte,2021,1,20807,6242
536,Medellín,Salud,2023,5,33893,33893
537,Medellín,Educación,2022,3,14303,4290
538,Cartagena,Ambiente,2022,5,28306,28306
539,Cartagena,Transporte,2022,1,41380,12414
540,Medellín,Educación,2023,1,38212,11463
541,Bogotá,Salud,2023,1,14713,4413
542,Bogotá,Transporte,2020,3,28160,8448
543,Cartagena,Seguridad,2023,1,9230,2769
544,Cali,Educación,2022,4,2693,2693
545,Medellín,Transporte,2020,1,26645,7993
546,Cali,Educación,2021,4,9116,9116
547,Cartagena,Transporte,2020,5,36515,36515
548,Cali,Salud,2021,4,23489,23489
549,Bogotá,Transporte,2021,2,33122,9936
550,Barranquilla,Seguridad,2022,1,35512,10653
551,Barranquilla,Educación,2020,2,27758,8327
552,Cali,Salud,2021,4,2919,2919
553,Barranquilla,Educación,2021,2,3016,904
554,Cali,Educación,2020,2,2230,669
555,Medellín,Salud,2021,3,8599,2579
556,Cartagena,Ambiente,2020,3,3033,909
557,Cali,Transporte,2020,4,11785,11785
558,Bogotá,Transporte,2023,4,4151,4151
559,Cartagena,Seguridad,2021,1,20099,6029
560,Bogotá,Transporte,2020,5,31204,31204
561,Barranquilla,Seguridad,2022,4,27013,27013
562,Medellín,Ambiente,2022,2,10128,3038
563,Barranquilla,Transporte,2020,4,35624,35624
564,Medellín,Transporte,2021,1,29884,8965
565,Cali,Salud,2021,2,44393,13317
566,Cartagena,Seguridad,2022,2,2398,719
567,Bogotá,Seguridad,2020,2,7199,2159
568,Cali,Salud,2022,4,36275,36275
569,Bogotá,Transporte,2023,4,26640,26640
570,Medellín,Educación,2023,1,30292,9087
571,Bogotá,Transporte,2022,3,44021,13206
572,Barranquilla,Salud,2020,5,7921,7921
573,Bogotá,Transporte,2023,1,36366,10909
574,Medellín,Transporte,2023,5,6342,6342
575,Bogotá,Salud,2021,2,45493,13647
576,Cartagena,Ambiente,2021,1,31710,9513
577,Medellín,Ambiente,2020,3,2281,684
578,Cartagena,Salud,2021,4,21137,21137
579,Cali,Seguridad,2020,2,24216,7264
580,Cartagena,Transporte,2023,5,36314,36314
581,Cali,Transporte,2021,2,38962,11688
582,Medellín,Ambiente,2020,2,42508,12752
583,Bogotá,Seguridad,2021,1,27847,8354
584,Medellín,Seguridad,2023,4,15931,15931
585,Barranquilla,Ambiente,2022,1,21343,6402
586,Medellín,Ambiente,2023,4,38259,38259
587,Medellín,Transporte,2021,1,20398,6119
588,Barranquilla,Educación,2021,4,44397,44397
589,Barranquilla,Salud,2023,3,13542,4062
590,Medellín,Transporte,2020,4,11469,11469
591,Barranquilla,Transporte,2022,3,28875,8662
592,Medellín,Transporte,2023,1,46055,13816
593,Medellín,Educación,2022,4,47278,47278
594,Barranquilla,Salud,2023,3,32722,9816
595,Cali,Transporte,2023,5,34248,34248
596,Barranquilla,Transporte,2023,3,12953,3885
597,Bogotá,Ambiente,2023,3,45451,13635
598,Cali,Ambiente,2021,1,17667,5300
599,Bogotá,Transporte,2023,2,27806,8341
600,Barranquilla,Transporte,2020,3,29109,8732
601,Barranquilla,Seguridad,2021,4,43115,43115
602,Medellín,Ambiente,2020,1,6041,1812
603,Bogotá,Seguridad,2022,4,48499,48499
604,Barranquilla,Salud,2023,3,33657,10097
605,Barranquilla,Educación,2023,1,12314,3694
606,Barranquilla,Seguridad,2021,2,33073,9921
607,Bogotá,Salud,2020,2,23987,7196
608,Barranquilla,Seguridad,2020,4,15955,15955
609,Cartagena,Salud,2021,1,45425,13627
610,Cartagena,Seguridad,2023,4,27987,27987
611,Barranquilla,Educación,2022,2,38435,11530
612,Cali,Salud,2020,4,49405,49405
613,Bogotá,Transporte,2020,5,49504,49504
614,Medellín,Seguridad,2023,3,11784,3535
615,Cali,Transporte,2021,2,38151,11445
616,Cartagena,Salud,2020,5,28606,28606
617,Bogotá,Ambiente,2020,2,22598,6779
618,Medellín,Salud,2022,3,16524,4957
619,Cartagena,Ambiente,2022,2,43313,12993
620,Barranquilla,Educación,2020,2,10584,3175
621,Barranquilla,Educación,2021,1,9358,2807
622,Medellín,Transporte,2022,5,26150,26150
623,Bogotá,Seguridad,2023,4,21790,21790
624,Medellín,Transporte,2023,2,1931,579
625,Medellín,Transporte,2023,3,16447,4934
626,Cali,Salud,2022,2,48447,14534
627,Barranquilla,Ambiente,2022,3,14843,4452
628,Barranquilla,Salud,2023,5,10220,10220
629,Cartagena,Transporte,2022,4,7020,7020
630,Cali,Educación,2023,2,42969,12890
631,Barranquilla,Salud,2023,4,15671,15671
632,Cali,Salud,2021,4,2456,2456
633,Bogotá,Seguridad,2020,3,32635,9790
634,Cali,Ambiente,2021,2,9043,2712
635,Barranquilla,Seguridad,2023,1,15595,4678
636,Medellín,Seguridad,2022,2,26860,8058
637,Bogotá,Salud,2020,1,48752,14625
638,Bogotá,Seguridad,2022,1,36760,11028
639,Barranquilla,Salud,2020,5,44682,44682
640,Cali,Transporte,2021,5,34466,34466
641,Medellín,Seguridad,2020,1,18131,5439
642,Barranquilla,Educación,2023,2,31727,9518
643,Bogotá,Seguridad,2020,5,36419,36419
644,Bogotá,Salud,2020,5,20347,20347
645,Bogotá,Salud,2023,5,27970,27970
646,Bogotá,Salud,2023,3,7264,2179
647,Bogotá,Salud,2023,1,3302,990
648,Cali,Transporte,2021,2,45072,13521
649,Medellín,Transporte,2023,5,21314,21314
650,Cali,Transporte,2021,3,1393,417
651,Medellín,Transporte,2021,2,16488,4946
652,Cali,Salud,2021,2,19675,5902
653,Barranquilla,Educación,2023,2,48790,14637
654,Bogotá,Educación,2020,2,21881,6564
655,Barranquilla,Transporte,2022,2,37099,11129
656,Medellín,Seguridad,2021,5,27675,27675
657,Medellín,Educación,2021,3,41338,12401
658,Cartagena,Seguridad,2023,2,8759,2627
659,Bogotá,Seguridad,2023,2,37201,11160
660,Bogotá,Seguridad,2021,1,33645,10093
661,Medellín,Educación,2021,4,38054,38054
662,Cartagena,Ambiente,2021,2,11508,3452
663,Bogotá,Educación,2022,3,12395,3718
664,Bogotá,Ambiente,2021,1,48628,14588
665,Barranquilla,Ambiente,2021,2,36453,10935
666,Cali,Salud,2020,4,47440,47440
667,Cartagena,Seguridad,2022,4,10587,10587
668,Medellín,Seguridad,2020,4,19575,19575
669,Cali,Transporte,2023,1,21816,6544
670,Barranquilla,Salud,2021,1,24598,7379
671,Medellín,Ambiente,2023,3,44675,13402
672,Medellín,Ambiente,2022,1,18006,5401
673,Barranquilla,Seguridad,2020,3,8649,2594
674,Bogotá,Educación,2020,4,8637,8637
675,Bogotá,Seguridad,2022,5,44481,44481
676,Cali,Ambiente,2021,4,49189,49189
677,Cartagena,Seguridad,2023,1,3617,1085
678,Bogotá,Educación,2022,2,44938,13481
679,Cartagena,Seguridad,2020,1,45333,13599
680,Medellín,Ambiente,2021,3,49211,14763
681,Barranquilla,Transporte,2020,5,3239,3239
682,Cali,Ambiente,2021,1,25629,7688
683,Bogotá,Seguridad,2023,1,42429,12728
684,Cali,Transporte,2021,2,14516,4354
685,Cartagena,Ambiente,2023,4,37586,37586
686,Barranquilla,Educación,2023,3,20478,6143
687,Cartagena,Educación,2020,3,49764,14929
688,Cali,Ambiente,2022,3,43358,13007
689,Medellín,Educación,2022,4,9249,9249
690,Medellín,Transporte,2023,1,10788,3236
691,Cartagena,Salud,2022,5,30466,30466
692,Barranquilla,Ambiente,2022,5,7405,7405
693,Cartagena,Seguridad,2020,2,19577,5873
694,Bogotá,Ambiente,2021,3,10402,3120
695,Barranquilla,Ambiente,2021,1,32216,9664
696,Barranquilla,Educación,2022,2,25737,7721
697,Cartagena,Educación,2022,4,41684,41684
698,Barranquilla,Seguridad,2020,4,18528,18528
699,Medellín,Transporte,2020,2,16190,4857
700,Cali,Transporte,2023,2,23912,7173
701,Medellín,Ambiente,2021,4,4870,4870
702,Barranquilla,Educación,2023,5,34478,34478
703,Cali,Transporte,2020,5,14732,14732
704,Bogotá,Salud,2020,3,30028,9008
705,Cartagena,Educación,2020,5,26258,26258
706,Barranquilla,Transporte,2023,4,20037,20037
707,Cartagena,Educación,2023,3,10826,3247
708,Cali,Transporte,2020,2,22315,6694
709,Cartagena,Educación,2021,3,48748,14624
710,Barranquilla,Ambiente,2020,3,19097,5729
711,Barranquilla,Transporte,2022,5,24680,24680
712,Medellín,Transporte,2023,4,43953,43953
713,Cartagena,Educación,2020,1,48724,14617
714,Cartagena,Ambiente,2020,2,40910,12273
715,Medellín,Ambiente,2023,4,1311,1311
716,Medellín,Seguridad,2023,3,12650,3795
717,Cartagena,Seguridad,2023,5,45803,45803
718,Cali,Salud,2020,3,11061,3318
719,Cali,Seguridad,2023,3,9569,2870
720,Bogotá,Transporte,2023,5,36305,36305
721,Medellín,Educación,2021,3,38083,11424
722,Cali,Salud,2021,5,18862,18862
723,Barranquilla,Seguridad,2021,1,17032,5109
724,Barranquilla,Seguridad,2022,2,19873,5961
725,Medellín,Salud,2023,3,27043,8112
726,Barranquilla,Seguridad,2023,2,46525,13957
727,Bogotá,Seguridad,2020,2,32600,9780
728,Barranquilla,Seguridad,2022,1,11971,3591
729,Bogotá,Salud,2021,2,5908,1772
730,Cartagena,Transporte,2023,4,18370,18370
731,Barranquilla,Salud,2022,1,7928,2378
732,Barranquilla,Salud,2021,5,37582,37582
733,Cali,Seguridad,2020,5,46425,46425
734,Cartagena,Transporte,2021,3,26590,7977
735,Medellín,Educación,2022,4,5257,5257
736,Medellín,Ambiente,2022,1,4863,1458
737,Bogotá,Educación,2020,4,30264,30264
738,Barranquilla,Seguridad,2023,1,47394,14218
739,Barranquilla,Educación,2020,5,27806,27806
740,Barranquilla,Transporte,2023,2,12072,3621
741,Cali,Transporte,2022,4,32041,32041
742,Medellín,Seguridad,2020,3,1992,597
743,Barranquilla,Transporte,2021,4,48286,48286
744,Cartagena,Seguridad,2023,1,32663,9798
745,Medellín,Seguridad,2023,5,49979,49979
746,Cartagena,Salud,2020,3,38613,11583
747,Cartagena,Educación,2020,3,9754,2926
748,Bogotá,Salud,2020,3,42915,12874
749,Bogotá,Seguridad,2023,4,39423,39423
750,Cali,Ambiente,2022,4,10956,10956
751,Cali,Ambiente,2022,1,41916,12574
752,Cali,Seguridad,2021,2,40649,12194
753,Bogotá,Ambiente,2021,3,5717,1715
754,Barranquilla,Educación,2022,3,47330,14199
755,Medellín,Salud,2020,2,4926,1477
756,Medellín,Educación,2020,5,34043,34043
757,Bogotá,Transporte,2023,4,38253,38253
758,Cali,Salud,2023,3,32623,9786
759,Cali,Salud,2021,1,32803,9840
760,Medellín,Educación,2023,4,30710,30710
761,Barranquilla,Salud,2023,3,10326,3097
762,Barranquilla,Seguridad,2021,2,31663,9498
763,Barranquilla,Educación,2023,1,16219,4865
764,Cartagena,Ambiente,2022,1,24946,7483
765,Bogotá,Educación,2023,4,8134,8134
766,Medellín,Ambiente,2022,3,37633,11289
767,Cartagena,Educación,2020,3,17974,5392
768,Cali,Seguridad,2022,1,48680,14604
769,Bogotá,Transporte,2021,2,38645,11593
770,Bogotá,Seguridad,2023,3,22365,6709
771,Barranquilla,Seguridad,2023,2,30038,9011
772,Cali,Transporte,2020,2,30592,9177
773,Cartagena,Ambiente,2020,3,13133,3939
774,Medellín,Seguridad,2021,2,23263,6978
775,Bogotá,Transporte,2020,4,36947,36947
776,Cartagena,Transporte,2023,3,36561,10968
777,Barranquilla,Educación,2021,3,37694,11308
778,Cali,Salud,2023,5,43506,43506
779,Bogotá,Educación,2020,3,24516,7354
780,Cartagena,Salud,2022,1,43567,13070
781,Bogotá,Seguridad,2021,1,23486,7045
782,Bogotá,Educación,2022,2,26035,7810
783,Bogotá,Seguridad,2023,3,7278,2183
784,Medellín,Transporte,2023,3,49351,14805
785,Barranquilla,Educación,2023,4,36854,36854
786,Cartagena,Ambiente,2023,4,35407,35407
787,Cali,Transporte,2020,3,34679,10403
788,Cartagena,Ambiente,2021,5,39628,39628
789,Barranquilla,Ambiente,2021,2,7472,2241
790,Cartagena,Salud,2023,1,3041,912
791,Barranquilla,Ambiente,2021,4,18803,18803
792,Bogotá,Educación,2020,4,37836,37836
793,Cartagena,Seguridad,2021,2,9919,2975
794,Medellín,Ambiente,2023,1,9624,2887
795,Medellín,Salud,2021,2,29625,8887
796,Bogotá,Ambiente,2022,1,34299,10289
797,Cali,Seguridad,2023,1,35332,10599
798,Bogotá,Educación,2020,1,15689,4706
799,Barranquilla,Ambiente,2023,3,34946,10483
800,Cartagena,Transporte,2022,1,29847,8954
801,Medellín,Seguridad,2022,3,46715,14014
802,Barranquilla,Ambiente,2023,1,6474,1942
803,Bogotá,Seguridad,2022,5,37689,37689
804,Medellín,Seguridad,2023,4,2463,2463
805,Barranquilla,Seguridad,2021,5,3712,3712
806,Bogotá,Seguridad,2022,1,35003,10500
807,Bogotá,Salud,2022,3,27302,8190
808,Cali,Salud,2020,2,9023,2706
809,Medellín,Salud,2023,3,33793,10137
810,Barranquilla,Seguridad,2021,1,36371,10911
811,Cali,Educación,2022,5,24590,24590
812,Cartagena,Transporte,2021,3,32512,9753
813,Cali,Salud,2021,5,43118,43118
814,Bogotá,Seguridad,2021,3,49091,14727
815,Cartagena,Salud,2022,2,18957,5687
816,Bogotá,Transporte,2022,1,5136,1540
817,Barranquilla,Salud,2021,4,16635,16635
818,Cali,Seguridad,2020,4,42697,42697
819,Barranquilla,Salud,2021,1,16690,5007
820,Cali,Educación,2020,1,23877,7163
821,Barranquilla,Seguridad,2022,3,11946,3583
822,Bogotá,Educación,2021,5,12918,12918
823,Cartagena,Ambiente,2021,1,37942,11382
824,Cartagena,Ambiente,2020,5,49458,49458
825,Cartagena,Ambiente,2021,4,23613,23613
826,Bogotá,Transporte,2023,4,29049,29049
827,Barranquilla,Salud,2022,1,1428,428
828,Bogotá,Salud,2023,3,47066,14119
829,Barranquilla,Seguridad,2020,1,17358,5207
830,Barranquilla,Educación,2023,2,2148,644
831,Bogotá,Educación,2022,5,38939,38939
832,Barranquilla,Seguridad,2020,3,4117,1235
833,Cartagena,Ambiente,2020,3,47119,14135
834,Barranquilla,Educación,2020,3,11128,3338
835,Barranquilla,Salud,2021,3,39958,11987
836,Medellín,Transporte,2020,3,4071,1221
837,Cartagena,Educación,2023,2,9408,2822
838,Cartagena,Salud,2020,3,1953,585
839,Cali,Ambiente,2022,4,8566,8566
840,Medellín,Transporte,2022,4,11066,11066
841,Cartagena,Ambiente,2023,5,7888,7888
842,Medellín,Salud,2020,1,16982,5094
843,Cartagena,Ambiente,2023,5,14418,14418
844,Cali,Seguridad,2021,4,17945,17945
845,Bogotá,Salud,2023,2,29639,8891
846,Medellín,Ambiente,2023,1,40119,12035
847,Medellín,Seguridad,2020,2,8478,2543
848,Cali,Seguridad,2020,2,8626,2587
849,Barranquilla,Ambiente,2022,1,23719,7115
850,Bogotá,Ambiente,2021,4,31678,31678
851,Medellín,Seguridad,2021,3,3855,1156
852,Bogotá,Salud,2023,5,41531,41531
853,Barranquilla,Salud,2020,4,31914,31914
854,Barranquilla,Ambiente,2021,2,17741,5322
855,Cali,Transporte,2021,4,21497,21497
856,Barranquilla,Educación,2023,4,23695,23695
857,Cartagena,Ambiente,2022,5,1727,1727
858,Barranquilla,Seguridad,2020,4,39611,39611
859,Barranquilla,Transporte,2021,2,32885,9865
860,Medellín,Transporte,2022,3,28924,8677
861,Cali,Educación,2020,5,49010,49010
862,Cartagena,Educación,2023,1,43402,13020
863,Bogotá,Transporte,2022,1,18544,5563
864,Cali,Salud,2022,4,19433,19433
865,Cartagena,Seguridad,2023,4,28041,28041
866,Cartagena,Ambiente,2020,4,46119,46119
867,Medellín,Transporte,2020,5,16413,16413
868,Medellín,Educación,2021,4,39472,39472
869,Cartagena,Educación,2022,4,32230,32230
870,Bogotá,Educación,2020,1,34662,10398
871,Bogotá,Transporte,2022,1,23648,7094
872,Bogotá,Educación,2023,5,20664,20664
873,Barranquilla,Salud,2020,5,1108,1108
874,Cali,Salud,2021,3,1401,420
875,Barranquilla,Seguridad,2023,4,9676,9676
876,Cartagena,Seguridad,2020,3,43038,12911
877,Bogotá,Salud,2020,1,37587,11276
878,Bogotá,Transporte,2020,3,20602,6180
879,Cartagena,Seguridad,2020,5,16687,16687
880,Cali,Seguridad,2022,1,47025,14107
881,Cartagena,Transporte,2021,1,38692,11607
882,Cartagena,Seguridad,2022,2,43217,12965
883,Bogotá,Ambiente,2020,1,19419,5825
884,Bogotá,Ambiente,2023,3,10721,3216
885,Cali,Salud,2022,2,26129,7838
886,Medellín,Ambiente,2021,1,23344,7003
887,Bogotá,Ambiente,2021,3,20652,6195
888,Medellín,Transporte,2020,4,10030,10030
889,Bogotá,Seguridad,2022,5,9829,9829
890,Cali,Salud,2020,4,2124,2124
891,Barranquilla,Educación,2020,2,22806,6841
892,Bogotá,Educación,2021,3,20606,6181
893,Cartagena,Transporte,2021,1,47575,14272
894,Cali,Salud,2022,2,15713,4713
895,Medellín,Ambiente,2023,5,24856,24856
896,Bogotá,Ambiente,2021,3,42445,12733
897,Barranquilla,Educación,2020,3,32091,9627
898,Barranquilla,Ambiente,2020,5,12931,12931
899,Barranquilla,Salud,2023,5,43591,43591
900,Bogotá,Ambiente,2022,4,1499,1499
901,Barranquilla,Educación,2020,1,18421,5526
902,Cartagena,Ambiente,2022,1,43112,12933
903,Medellín,Salud,2021,2,25558,7667
904,Medellín,Salud,2021,1,30687,9206
905,Cartagena,Ambiente,2022,3,6041,1812
906,Medellín,Seguridad,2020,1,21682,6504
907,Barranquilla,Transporte,2020,1,13611,4083
908,Barranquilla,Salud,2020,1,38156,11446
909,Cartagena,Salud,2021,2,12451,3735
910,Cali,Educación,2020,3,7981,2394
911,Cartagena,Seguridad,2021,5,48259,48259
912,Cartagena,Educación,2020,5,9400,9400
913,Bogotá,Educación,2021,3,5180,1554
914,Bogotá,Educación,2023,4,20966,20966
915,Cali,Seguridad,2022,1,19601,5880
916,Cartagena,Educación,2022,4,33240,33240
917,Bogotá,Ambiente,2022,1,49625,14887
918,Cartagena,Salud,2023,4,40365,40365
919,Cali,Transporte,2023,3,32508,9752
920,Bogotá,Transporte,2020,2,16957,5087
921,Bogotá,Seguridad,2020,2,2353,705
922,Medellín,Seguridad,2020,5,17872,17872
923,Barranquilla,Transporte,2020,4,12203,12203
924,Cartagena,Ambiente,2021,5,26680,26680
925,Cali,Salud,2022,1,9310,2793
926,Cartagena,Ambiente,2023,5,43750,43750
927,Cartagena,Transporte,2022,4,19201,19201
928,Cartagena,Transporte,2022,4,45388,45388
929,Cali,Salud,2023,4,25182,25182
930,Barranquilla,Salud,2021,1,22333,6699
931,Cartagena,Seguridad,2022,5,7310,7310
932,Bogotá,Seguridad,2022,5,2094,2094
933,Medellín,Ambiente,2020,5,22048,22048
934,Barranquilla,Transporte,2023,5,19216,19216
935,Barranquilla,Ambiente,2021,5,35575,35575
936,Cartagena,Seguridad,2023,3,31953,9585
937,Cali,Educación,2020,3,20734,6220
938,Barranquilla,Salud,2022,5,9066,9066
939,Medellín,Transporte,2021,4,40158,40158
940,Medellín,Transporte,2021,2,33260,9978
941,Cali,Educación,2023,2,16048,4814
942,Cartagena,Transporte,2021,3,18550,5565
943,Medellín,Transporte,2020,1,37761,11328
944,Bogotá,Educación,2020,1,23285,6985
945,Medellín,Seguridad,2021,3,27921,8376
946,Barranquilla,Salud,2020,4,17378,17378
947,Cartagena,Seguridad,2023,1,31105,9331
948,Barranquilla,Educación,2022,4,31146,31146
949,Medellín,Ambiente,2021,5,30586,30586
950,Cali,Salud,2022,3,28430,8529
951,Barranquilla,Ambiente,2022,2,20248,6074
952,Barranquilla,Transporte,2020,3,15329,4598
953,Cali,Salud,2023,5,38854,38854
954,Bogotá,Ambiente,2023,1,2528,758
955,Medellín,Ambiente,2023,5,11643,11643
956,Cali,Ambiente,2021,5,13140,13140
957,Cali,Transporte,2022,4,39500,39500
958,Cartagena,Salud,2020,4,6355,6355
959,Barranquilla,Seguridad,2023,2,11644,3493
960,Medellín,Transporte,2021,1,26715,8014
961,Cali,Salud,2020,2,42296,12688
962,Medellín,Ambiente,2023,2,36592,10977
963,Barranquilla,Educación,2022,4,21690,21690
964,Barranquilla,Educación,2023,2,43943,13182
965,Medellín,Transporte,2022,2,10780,3234
966,Bogotá,Seguridad,2021,4,33355,33355
967,Bogotá,Seguridad,2023,5,9188,9188
968,Cartagena,Salud,2022,5,22356,22356
969,Medellín,Educación,2022,4,15839,15839
970,Barranquilla,Ambiente,2022,3,7097,2129
971,Cartagena,Seguridad,2021,5,47686,47686
972,Cali,Seguridad,2023,1,38584,11575
973,Barranquilla,Educación,2023,4,2432,2432
974,Cartagena,Ambiente,2022,3,31231,9369
975,Medellín,Salud,2022,2,35928,10778
976,Cali,Salud,2023,2,29953,8985
977,Medellín,Salud,2020,4,18696,18696
978,Medellín,Salud,2020,2,6399,1919
979,Barranquilla,Educación,2022,4,32042,32042
980,Bogotá,Salud,2022,1,33343,10002
981,Cali,Educación,2020,2,36229,10868
982,Barranquilla,Seguridad,2023,1,39343,11802
983,Bogotá,Educación,2023,4,45753,45753
984,Medellín,Transporte,2021,2,10732,3219
985,Cali,Transporte,2023,5,6294,6294
986,Bogotá,Seguridad,2020,4,24881,24881
987,Barranquilla,Ambiente,2022,1,27366,8209
988,Cali,Transporte,2023,2,27568,8270
989,Cartagena,Educación,2023,5,28337,28337
990,Bogotá,Seguridad,2021,3,40504,12151
991,Cartagena,Ambiente,2021,4,30100,30100
992,Barranquilla,Transporte,2020,4,23675,23675
993,Cartagena,Ambiente,2022,4,11068,11068
994,Bogotá,Salud,2023,2,18992,5697
995,Barranquilla,Salud,2021,4,11569,11569
996,Barranquilla,Salud,2023,5,27690,27690
997,Cartagena,Transporte,2023,5,19971,19971
998,Cali,Ambiente,2020,4,14612,14612
999,Cali,Transporte,2022,4,17073,17073
1000,Bogotá,Ambiente,2022,3,40878,12263
